,Variation,Error Rate,P-value
0,Control,0.07881931105135101,3.86769789118586e-19
1,Test,0.09850077828449712,3.86769789118586e-19
