,Variation,Completion Rate,P-value
0,Control,0.44487130234344985,2.4124374670838854e-14
1,Test,0.47418007045522814,2.4124374670838854e-14
