,Variation,Completion Time,P-value
0,Control,285.93404861944776,3.49918181436541e-06
1,Test,275.5946375957572,3.49918181436541e-06
